[
  {
    "id": 0,
    "timestamp": 0,
    "chapter_title": "LH 2025년 공동주택용지 공급계획 설명회",
    "sentences": [
      "[음악]",
      "이번 설명회에서는 알짜배기 땅을 소개해 드릴 예정인데요 이제 그",
      "2025년 공동주택용지 공급계획 요약안내",
      "시국이 불안정하고 경기가 좋지 않아서 구매를 망설리는 분들이 계시다면",
      "이번 설명회를 들어 보시고 미래에 돈이 되는 땅 구매 계획 또 사업 계획 한번 세워 보시는 건 어떨까요"
    ]
  },
  {
    "id": 1,
    "timestamp": 28,
    "chapter_title": "2025년 공동주택용지 공급계획 요약안내",
    "sentences": [
      "이제부터 2025년 공동주택 용지 연간 공급 계획을 말씀드리겠습니다",
      "LH가 금년도 4월 이후에 공급하는 공동주택 용지는 총 43필지",
      "면적으로는 134만3,000제곱미터입니다",
      "지역별로 보시면 수도권에서 31필지, 지방에서 12필지를 공급할 예정입니다"
    ]
  },
  {
    "id": 2,
    "timestamp": 557,
    "chapter_title": "① 인천지역본부 공동주택용지 공급계획",
    "sentences": [
      "인천 지역 본부에서 공급할 공동주택 용지는 인천 영종지구 여덟 필지입니다",
      "송도 청라와 함께 경제 자유구역으로 지정된 영종 하늘도시는 약 580만 평 규모입니다",
      "풍수지리적으로도 좋은 입지 조건이며, 배산임수 조건을 모두 충족합니다",
      "서울 지하철 9호선과 공항철도 연장, 제3연육교 등 다양한 교통 개발도 예정되어 있습니다"
    ]
  },
  {
    "id": 3,
    "timestamp": 1130,
    "chapter_title": "② 경기남부지역본부 공동주택용지 공급계획",
    "sentences": [
      "수원 당수 1·2지구, 성남 낙생 지구 등에서 총 6개 필지를 공급할 예정입니다",
      "수원 당수 지구는 지구 남측에 호매실지구와 연접해 있습니다",
      "교통 여건도 우수하며, 신분당선 호매실역 신설로 강남까지 40분 이내 이동이 가능합니다",
      "풍부한 생활 인프라와 더불어 다양한 세대 구성이 가능한 필지들이 있습니다"
    ]
  },
  {
    "id": 4,
    "timestamp": 1730,
    "chapter_title": "③ 경기북부지역본부 공동주택용지 공급계획",
    "sentences": [
      "구리갈매, 고양창릉, 남양주왕숙, 하남교산 등 다양한 신도시에서 공급이 예정되어 있습니다",
      "구리갈매는 더블역세권, 고양창릉은 GTX와 고양-은평선 등 광역 교통망이 우수합니다",
      "남양주왕숙 지구는 9호선, 경의중앙선 연장과 인프라 연계 개발로 광역 접근성이 탁월합니다",
      "하남교산은 서울 강남까지 가장 가까운 3기 신도시로, 풍부한 자연환경과 교통망이 장점입니다"
    ]
  }
]
